timestamp,acceleration_x,acceleration_y,acceleration_z,attitude_pitch,attitude_roll,attitude_yaw,gravity_x,gravity_y,gravity_z,rotation_x,rotation_y,rotation_z
0.02,0.017955133691430092,-0.012104511260986328,0.005677461624145508,0.3065312956861884,0.03251621732084837,-0.430206881757396,0.030995042994618416,-0.301753431558609,-0.9528819918632507,0.04106438159942627,-0.010297113098204136,0.0018893604865297675
0.04,0.0009445566684007645,-0.036895960569381714,0.02885282039642334,0.32190623578603184,0.024581923529990078,-0.42669087985846316,0.023316901177167892,-0.3163754642009735,-0.9483474493026733,-0.14497551321983337,-0.12803412973880768,0.14451253414154053
0.06,-0.017714165151119232,0.13564801216125488,0.0026994943618774414,0.38714419866089345,-0.01606846642189513,-0.3777677311094555,-0.01487861480563879,-0.3775455057621002,-0.9258714914321899,0.9343977570533752,-0.18635132908821106,0.23481473326683044
0.08,0.08853296935558319,-0.08463767170906067,0.01201486587524414,0.38477834962676727,-0.06357319190159492,-0.3549786892818889,-0.05888514220714569,-0.37535369396209717,-0.9250092506408691,0.06690407544374466,-0.3540016710758209,0.8714856505393982
0.10,0.0043325722217559814,0.012229770421981812,0.026134610176086426,0.4243239571851344,-0.1466798168510584,-0.2815383161840975,-0.13319304585456848,-0.41170477867126465,-0.9015313386917114,0.3534819185733795,-0.45738041400909424,-0.2711303234100342
0.12,0.0034864991903305054,-0.0181521475315094,0.0030429959297180176,0.4691105693289837,-0.15839482914168446,-0.30244499485794996,-0.1406935155391693,-0.45209312438964844,-0.8808048367500305,0.23989461362361908,0.10768313705921173,-0.17111453413963318
0.14,0.010688848793506622,0.05884420871734619,-0.02969956398010254,0.48845232228102603,-0.11595426359115402,-0.3359235619432798,-0.10216528922319412,-0.46925976872444153,-0.8771302700042725,0.006300743669271469,0.1390964537858963,-0.02930270880460739
0.16,0.08042756468057632,-0.03257840871810913,0.08049267530441284,0.5473728746222201,-0.11988668899425158,-0.34945432829249123,-0.10212556272745132,-0.5204457640647888,-0.8477656245231628,0.9030940532684326,0.5359004735946655,-0.46171435713768005
0.18,-0.0021864622831344604,-0.01078292727470398,0.014027059078216553,0.5062125130294988,-0.10483300944028015,-0.3701551291750689,-0.09151776134967804,-0.48486825823783875,-0.869785726070404,-0.10368143022060394,0.03133128955960274,-0.0325746163725853
0.20,-0.014548398554325104,0.01853957772254944,0.004471004009246826,0.5074635171706785,-0.10627288181767308,-0.37230510887269125,-0.092705637216568,-0.4859619736671448,-0.8690492510795593,0.03247927129268646,0.007964449003338814,-0.014691038057208061
0.22,-0.02050366997718811,0.031120389699935913,-0.0063092708587646484,0.5092189512339869,-0.10424588325174655,-0.37344819106145555,-0.09085497260093689,-0.48749545216560364,-0.8683856129646301,0.04761159047484398,0.010266040451824665,-0.02638540230691433
0.24,-0.012020066380500793,0.010133028030395508,-0.008327722549438477,0.5114673123023719,-0.1019848658969746,-0.3749879804518274,-0.0887795016169548,-0.48945730924606323,-0.8674962520599365,0.05649525672197342,-0.019967496395111084,-0.03692298382520676
0.26,-0.00692392885684967,0.007371038198471069,-0.017430365085601807,0.5131477474634717,-0.10195804569727861,-0.37615750838538303,-0.08867239207029343,-0.4909220039844513,-0.8666791915893555,0.05253427103161812,-0.06384395807981491,-0.04498760774731636
0.28,0.007384903728961945,0.014609307050704956,-0.01583486795425415,0.5137322508370521,-0.10462940413541008,-0.37604420899352176,-0.09095729887485504,-0.4914311468601227,-0.8661536574363708,0.13876283168792725,-0.09651952981948853,-0.021937478333711624
0.30,0.005752436816692352,0.030822068452835083,-0.02272874116897583,0.5147753179574894,-0.10782972656460989,-0.3756648975884902,-0.09367357939481735,-0.49233928322792053,-0.8653480410575867,0.19126664102077484,-0.09486037492752075,-0.03623368218541145
0.32,-0.0013916268944740295,0.01847529411315918,-0.00928044319152832,0.5173163464123152,-0.11040206242143306,-0.37565570395996006,-0.09576109051704407,-0.494549423456192,-0.8638579845428467,0.2171867936849594,-0.11260679364204407,-0.041915412992239
0.34,-0.00569094717502594,-0.012235015630722046,-0.013344764709472656,0.5209958975775544,-0.11221517256471321,-0.3767489391684321,-0.09712276607751846,-0.4977441430091858,-0.8618688583374023,0.24934718012809753,-0.13728639483451843,-0.10259441286325455
0.36,-0.0033512860536575317,-0.009920001029968262,-0.01679813861846924,0.5243367860457016,-0.1137332070208946,-0.3787949092083429,-0.09824173897504807,-0.500639021396637,-0.8600634932518005,0.2340894639492035,-0.19419096410274506,-0.08492931723594666
0.38,0.009326562285423279,-0.0033614635467529297,-0.01975715160369873,0.5264325007984122,-0.11626789207332723,-0.38071953367480726,-0.10029947012662888,-0.5024520754814148,-0.8587676882743835,0.23175133764743805,-0.243165522813797,-0.08588017523288727
0.40,0.00558365136384964,-0.008858561515808105,-0.06095600128173828,0.5305448899337407,-0.12090836286503065,-0.38262799193036245,-0.10403335839509964,-0.5060033798217773,-0.8562345504760742,0.3300929069519043,-0.3450949788093567,-0.12705554068088531
0.42,0.018385417759418488,0.028716206550598145,-0.13555121421813965,0.5379646571766238,-0.12790713166622497,-0.3851225529990268,-0.10954141616821289,-0.5123891830444336,-0.8517382144927979,0.3851611018180847,-0.5128291249275208,-0.1856856644153595
0.44,0.0005251318216323853,0.041079044342041016,-0.1284257173538208,0.545358723939383,-0.13868244346237096,-0.3896668384453745,-0.11818564683198929,-0.518724799156189,-0.8467329740524292,0.262431800365448,-0.802209198474884,-0.30059686303138733
0.46,0.024281173944473267,0.08414894342422485,-0.10372316837310791,0.5491581232496441,-0.1532885462449675,-0.3967965525753273,-0.13023820519447327,-0.5219693183898926,-0.8429626822471619,-0.003929283935576677,-1.0154063701629639,-0.3603851795196533
0.48,-0.0007399320602416992,0.1486230492591858,-0.07671141624450684,0.548664035339718,-0.17000687128924497,-0.4064503624149026,-0.1443558931350708,-0.521547794342041,-0.8409216403961182,-0.11952488869428635,-1.143255352973938,-0.4751971364021301
0.50,-0.01750759780406952,0.12762296199798584,-0.04171997308731079,0.5464968002105203,-0.18620528773529468,-0.42015674335414016,-0.15816684067249298,-0.5196974873542786,-0.8395819067955017,-0.37701159715652466,-1.1933776140213013,-0.6194756031036377
0.52,0.042085349559783936,0.1493227481842041,0.057344675064086914,0.537610601747585,-0.20097494647206746,-0.43770979657893927,-0.17146462202072144,-0.5120851397514343,-0.8416464328765869,-0.788782000541687,-1.161367416381836,-0.6981249451637268
0.54,0.05178375542163849,0.15167546272277832,0.07695382833480835,0.5203633179981454,-0.21059962317836858,-0.45908150671863507,-0.1813766360282898,-0.49719539284706116,-0.8484687209129333,-1.3613207340240479,-0.8429313898086548,-0.7495474815368652
0.56,0.02256566286087036,0.18466684222221375,-0.0022205710411071777,0.48952245545712714,-0.21199254925958644,-0.48466165269776246,-0.18569739162921906,-0.4702044725418091,-0.8628001809120178,-1.9128317832946777,-0.5713046789169312,-0.7595798373222351
0.58,0.09069909155368805,0.2614743411540985,-0.04887115955352783,0.4629548944901341,-0.21074103314621756,-0.5098248966091229,-0.18716514110565186,-0.44659391045570374,-0.8749417662620544,-1.2224411964416504,-0.498796284198761,-0.9756089448928833
0.60,0.10397453606128693,0.4406769871711731,-0.06853252649307251,0.44885311750449564,-0.2094752461626323,-0.537819529339232,-0.18734855949878693,-0.4339325428009033,-0.8812508583068848,-0.5628097653388977,-0.5915737748146057,-1.1738094091415405
0.62,0.09804973006248474,0.26642200350761414,-0.22306346893310547,0.44871803243419667,-0.20907555220856705,-0.5673059706020085,-0.18700848519802094,-0.433810830116272,-0.8813830018043518,-0.10947801172733307,-0.6581483483314514,-1.3965842723846436
0.64,0.053141772747039795,0.18018043041229248,-0.18703532218933105,0.4530932329940216,-0.21124200083912895,-0.5980882552868908,-0.1885177493095398,-0.4377487301826477,-0.8791115283966064,-0.05789503827691078,-0.8976407051086426,-1.3975714445114136
0.66,-0.03103160858154297,0.07901513576507568,-0.15850019454956055,0.45630381411472254,-0.21814856943710245,-0.6284779026413291,-0.19427967071533203,-0.4406331181526184,-0.8764119148254395,-0.21902145445346832,-1.138912320137024,-1.3202075958251953
0.68,-0.06291444599628448,-0.010181188583374023,-0.09646105766296387,0.45430632899412215,-0.22927815322372738,-0.6577975624828092,-0.20422117412090302,-0.4388391077518463,-0.8750508427619934,-0.5069423913955688,-1.2602837085723877,-1.2162081003189087
0.70,0.006789714097976685,-0.01132616400718689,-0.05432647466659546,0.45121743976173523,-0.24275887776172925,-0.6872127756499526,-0.2163233906030655,-0.43606144189834595,-0.8735299706459045,-0.41780760884284973,-1.342789649963379,-1.3377020359039307
0.72,-0.05151204764842987,0.02794170379638672,0.008498549461364746,0.4497844827237326,-0.2544244252596557,-0.7195664779936887,-0.22665567696094513,-0.43477144837379456,-0.8715509176254272,-0.47147348523139954,-1.205136775970459,-1.4419997930526733
0.74,-0.0166110098361969,0.0360109806060791,0.07264971733093262,0.44695386474021637,-0.2617578055764444,-0.7551328838113622,-0.2333584725856781,-0.4322206377983093,-0.8710505962371826,-0.5884315967559814,-1.0870393514633179,-1.6243263483047485
0.76,0.03730480372905731,0.024482697248458862,0.12244558334350586,0.4445099365604015,-0.26560145073539004,-0.7961127974361069,-0.2369813323020935,-0.430015504360199,-0.8711639046669006,-0.6669775247573853,-1.0543969869613647,-1.881290078163147
0.78,0.029221251606941223,0.05239865183830261,0.17673462629318237,0.4414952033682607,-0.2652692525960037,-0.8413266524580737,-0.23703069984912872,-0.42729178071022034,-0.8724896311759949,-0.6750757694244385,-0.8313836455345154,-1.9992077350616455
0.80,0.007650598883628845,0.10764601826667786,0.12738841772079468,0.4402414372115584,-0.2575544644766176,-0.8896065223870581,-0.23042891919612885,-0.4261578917503357,-0.8748096227645874,-0.5835411548614502,-0.4549146890640259,-2.2090604305267334
0.82,0.01934082806110382,0.0957152247428894,-0.019783079624176025,0.4385740225209482,-0.2409506141369999,-0.9424433504254403,-0.21604187786579132,-0.42464888095855713,-0.879203736782074,-0.7625762224197388,-0.1744651049375534,-2.3849308490753174
0.84,0.027679309248924255,0.14214959740638733,0.06545186042785645,0.4327189569436215,-0.2193854658750772,-1.000704064183614,-0.19757068157196045,-0.41934069991111755,-0.8860695362091064,-1.0211306810379028,-0.16910389065742493,-2.663198947906494
0.86,0.07065221667289734,0.06966444849967957,0.14461326599121094,0.4244920641357622,-0.1969225034577997,-1.0653145001572917,-0.17828771471977234,-0.4118579924106598,-0.8936366438865662,-0.8818623423576355,-0.2463075965642929,-2.93158221244812
0.88,0.04734985530376434,-0.04447805881500244,0.08019953966140747,0.420619974279736,-0.17422501919152994,-1.133148561097011,-0.15823549032211304,-0.40832647681236267,-0.8990166783332825,-0.6917034387588501,-0.24846866726875305,-3.0221893787384033
0.90,0.04089793562889099,-0.1278904676437378,0.09088611602783203,0.41673661198206163,-0.1520912563718606,-1.1981836812437259,-0.1385389268398285,-0.40477851033210754,-0.9038590788841248,-0.7077682614326477,-0.17423474788665771,-2.7722630500793457
0.92,0.05134110152721405,-0.2902367115020752,0.09370368719100952,0.4106287024547917,-0.13153146194532983,-1.2569607615483944,-0.12024982273578644,-0.39918583631515503,-0.9089502692222595,-0.5412305593490601,-0.11766378581523895,-2.536282777786255
0.94,0.029559537768363953,-0.5101085305213928,0.07993435859680176,0.40907287415185595,-0.11189758348244534,-1.3131167406520565,-0.10245080292224884,-0.3977588713169098,-0.9117519855499268,-0.28097060322761536,-0.1925579160451889,-2.5662920475006104
0.96,0.0305684432387352,-0.6617969274520874,0.15864813327789307,0.4112017800331917,-0.0951669078887005,-1.366039215500143,-0.08710228651762009,-0.3997112214565277,-0.9124933481216431,-0.010617531836032867,-0.195762500166893,-2.2159719467163086
0.98,0.03566218912601471,-0.572251558303833,0.027141273021697998,0.42125248537457655,-0.08158905603496447,-1.4054971037414374,-0.074373759329319,-0.4089037775993347,-0.9095417857170105,0.7105692028999329,0.00016786716878414154,-1.4735174179077148
1.00,0.05554553121328354,-0.46764668822288513,-0.11874359846115112,0.4398133672621735,-0.06921718175929323,-1.4283568261357982,-0.06257986277341843,-0.4257706105709076,-0.9026644825935364,0.8558909296989441,0.2566499710083008,-0.738013744354248
1.02,0.036819133907556534,-0.572608470916748,-0.08010697364807129,0.4551346425991438,-0.06042932029218066,-1.4355442495093658,-0.05424469709396362,-0.4395832419395447,-0.8965623378753662,0.5916098952293396,0.2817580997943878,-0.04868721216917038
1.04,0.05338587239384651,-0.48531851172447205,0.006072998046875,0.4636232647573928,-0.058389045947157193,-1.4301472117621061,-0.0521957166492939,-0.44719183444976807,-0.892913818359375,0.3085062503814697,0.15727262198925018,0.4663871228694916
1.06,0.0765967071056366,-0.30027663707733154,0.0572894811630249,0.468728983012914,-0.062448652088905654,-1.41584367432461,-0.055676933377981186,-0.4517527222633362,-0.8904041051864624,0.34275728464126587,0.13394109904766083,0.7126314043998718
1.08,0.046549417078495026,-0.05905652046203613,-0.10927700996398926,0.4772926026669397,-0.06847024782173758,-1.3979558580380365,-0.060770630836486816,-0.4593760371208191,-0.8861605525016785,0.6066118478775024,0.05074680224061012,0.8227555155754089
1.10,0.04530856013298035,0.14160215854644775,-0.07138556241989136,0.490122699157785,-0.07806755167977004,-1.3783426440356903,-0.06880711764097214,-0.4707341492176056,-0.8795879483222961,0.7504130005836487,-0.09727177768945694,0.7840509414672852
1.12,0.024777770042419434,0.11570602655410767,0.007342338562011719,0.5004743000252813,-0.09047098102875292,-1.3599024616312723,-0.07926693558692932,-0.4798417091369629,-0.8737669587135315,0.35803502798080444,-0.24165302515029907,0.765596866607666
1.14,0.005170062184333801,0.09570473432540894,0.09693074226379395,0.5024440122004125,-0.10391623088512777,-1.3426612169146157,-0.0909092128276825,-0.48156893253326416,-0.871680498123169,0.02578045055270195,-0.22942955791950226,0.6932573914527893
1.16,-0.001936793327331543,0.09922271966934204,0.1427173614501953,0.5003481765833185,-0.11291478249498042,-1.3285812555482153,-0.09886279702186584,-0.4797310531139374,-0.8718280792236328,-0.0681159645318985,0.09481057524681091,0.5803883671760559
1.18,-0.017186030745506287,0.09528163075447083,-0.06624650955200195,0.4996825601925862,-0.11080276597398689,-1.3156084303136233,-0.097056545317173,-0.47914692759513855,-0.872352123260498,0.17155025899410248,0.7270504236221313,0.5825044512748718
1.20,0.0008635595440864563,0.18929800391197205,-0.16282355785369873,0.5052097091005572,-0.09825242017501286,-1.3019536069659443,-0.08583977073431015,-0.48399096727371216,-0.8708525896072388,0.4319482743740082,1.1713061332702637,0.5623529553413391
1.22,0.051999859511852264,0.11731842160224915,-0.12163335084915161,0.5103740534485073,-0.07949136117268846,-1.2873412970772529,-0.06928810477256775,-0.48850366473197937,-0.8698064684867859,0.0811251550912857,1.3604512214660645,0.7011383175849915
1.24,0.13749784231185913,-0.0406360924243927,0.003397703170776367,0.5064488222666328,-0.0646602479145983,-1.2696569189064002,-0.05650422349572182,-0.485074907541275,-0.8726451396942139,-0.3352820575237274,0.9365689754486084,0.8225753307342529
1.26,0.23012074828147888,-0.2233220338821411,0.024831771850585938,0.4945785071073321,-0.05720940346869665,-1.2539505989364896,-0.05032647028565407,-0.4746606945991516,-0.8787288665771484,-0.8485464453697205,0.6690853238105774,0.6132315397262573
1.28,0.17936016619205475,-0.18053501844406128,-0.061961352825164795,0.4697278445558119,-0.049158281732906935,-1.2408166736234405,-0.04381636902689934,-0.45264363288879395,-0.8906143307685852,-1.5417215824127197,0.772151529788971,0.7844082713127136
1.30,0.1378805786371231,0.01695123314857483,-0.09346985816955566,0.4378009961055262,-0.04092021010477873,-1.218875556419672,-0.0370505228638649,-0.42394888401031494,-0.9049279689788818,-1.411688208580017,1.0546927452087402,1.31636381149292
1.32,0.08987247943878174,0.1573428213596344,-0.07326459884643555,0.41672075977497797,-0.028870307363440113,-1.188508587932755,-0.026395952329039574,-0.4047640264034271,-0.9140401482582092,-0.5745037794113159,1.4226391315460205,1.4623805284500122
1.34,0.03885800763964653,0.1896413266658783,-0.0028005242347717285,0.41198188588548434,-0.01011799018799997,-1.1574631307711545,-0.009271250106394291,-0.4004261791706085,-0.9162821173667908,0.08507148176431656,1.6906148195266724,1.377844214439392
1.36,0.019642438739538193,0.06890377402305603,0.046525001525878906,0.41647140641983177,0.015345965285522777,-1.129198565039628,0.014033673331141472,-0.40453600883483887,-0.9144144058227539,0.27566099166870117,2.001110792160034,1.2071847915649414
1.38,-0.007903650403022766,-0.03104683756828308,0.14045250415802002,0.4210751677108119,0.04652915746882846,-1.1052279050378708,0.04244951531291008,-0.40874195098876953,-0.9116622805595398,0.09435652941465378,1.9958127737045288,0.9908519387245178
1.40,0.04826059937477112,-0.05132091045379639,0.24508881568908691,0.4202947903539567,0.07226786349474688,-1.0853194805843949,0.0659208819270134,-0.40802961587905884,-0.9105856418609619,-0.2667037546634674,1.4350860118865967,0.756446361541748
1.42,0.143329918384552,-0.07522702217102051,0.20598649978637695,0.41462424316786156,0.08994214919864772,-1.0735747024847777,0.08221020549535751,-0.4028460383415222,-0.9115681648254395,-0.387694776058197,0.8864368200302124,0.26591432094573975
1.44,0.17399755120277405,0.02662760019302368,0.14425218105316162,0.40756888403137737,0.10189004996846508,-1.0707874996660336,0.09338217973709106,-0.3963785171508789,-0.9133256673812866,-0.35101741552352905,0.44518545269966125,0.014484142884612083
1.46,0.1602022796869278,0.14448997378349304,0.09768545627593994,0.4022271084589593,0.10604242953282504,-1.0669062772718079,0.09739656001329422,-0.39146867394447327,-0.9150224924087524,-0.17800889909267426,0.15930843353271484,0.32484203577041626
1.48,0.12289171665906906,0.13188493251800537,0.05442607402801514,0.4020433298728748,0.10410314937635458,-1.057620564554776,0.09562936425209045,-0.3912995457649231,-0.9152811765670776,0.05526738241314888,0.03257090225815773,0.4524674713611603
1.50,0.06313454359769821,0.03510016202926636,0.05008399486541748,0.4059449766062167,0.10045829339103612,-1.0502333128010437,0.0921388566493988,-0.39488711953163147,-0.9140976667404175,0.2743873596191406,-0.09086279571056366,0.2396797239780426
1.52,0.05494797229766846,0.014475226402282715,0.05865514278411865,0.4161206205097751,0.09571834237017929,-1.0477566133850014,0.08741648495197296,-0.4042151868343353,-0.9104770421981812,0.8287005424499512,-0.421156108379364,0.10425900667905807
1.54,0.061303675174713135,0.14846506714820862,0.21964359283447266,0.44488701091500915,0.07696330777418262,-1.0518760414400692,0.06940308213233948,-0.43035590648651123,-0.8999872207641602,2.112520456314087,-1.781440258026123,-0.3367727994918823
1.56,0.056241489946842194,0.25025078654289246,0.19323718547821045,0.4968000317776385,0.03703373737047964,-1.0743287598276379,0.03254937008023262,-0.4766148626804352,-0.8785094022750854,2.9028778076171875,-3.3134424686431885,-1.4271043539047241
1.58,0.19347840547561646,-0.0562099814414978,0.14186465740203857,0.5455740737750773,-0.0266319685080523,-1.1236132611386895,-0.022763101384043694,-0.5189089179039001,-0.8545264005661011,1.7650727033615112,-5.349335193634033,-2.774890899658203
1.60,0.2826925218105316,-0.2278175950050354,-0.10264694690704346,0.5670017175108759,-0.09450532557416041,-1.1933717121072354,-0.07959806174039841,-0.5371053814888,-0.839751124382019,0.19575470685958862,-4.872350692749023,-2.979914665222168
1.62,-0.3236943185329437,0.27618497610092163,-0.32830148935317993,0.577097891321603,-0.1544737414929378,-1.2389729879509437,-0.12894241511821747,-0.5455941557884216,-0.8280705809593201,0.5896402597427368,-3.8136205673217773,-0.7391982674598694
1.64,-0.22759851813316345,0.5101252794265747,-0.36288386583328247,0.5972877027840671,-0.2131482317746456,-1.247080850544241,-0.17491310834884644,-0.5624018311500549,-0.80815190076828,1.218024730682373,-2.297447919845581,-0.6719074845314026
1.66,-0.14290021359920502,0.022963225841522217,-0.1266179084777832,0.618167480989367,-0.24369622225855037,-1.2530501252199076,-0.19663836061954498,-0.5795427560806274,-0.7908625602722168,0.5877977609634399,-1.1851673126220703,-0.2673477828502655
1.68,-0.11425350606441498,-0.343666136264801,0.16932624578475952,0.6246905600100291,-0.25434169492773134,-1.2606033553344573,-0.20409062504768372,-0.5848463177680969,-0.7850489020347595,-0.09826085716485977,-0.41891390085220337,-0.43536779284477234
1.70,0.04676191508769989,-0.18728339672088623,0.2540273070335388,0.6209277683236833,-0.25428574692211636,-1.2691809154298563,-0.2045988291501999,-0.581790030002594,-0.7871845960617065,-0.33718135952949524,-0.058720480650663376,-0.17825935781002045
1.72,0.08496397733688354,-0.033252060413360596,0.15688616037368774,0.6155836426567489,-0.2490859282685554,-1.2733926459703564,-0.20126646757125854,-0.5774351358413696,-0.791239857673645,-0.2857844829559326,0.3265133202075958,-0.013316174037754536
1.74,0.06634604930877686,-0.02679264545440674,0.07494956254959106,0.6099753074793612,-0.23912412765012947,-1.2748650457329862,-0.19413843750953674,-0.5728472471237183,-0.7963393330574036,-0.3414009213447571,0.551124632358551,0.006033195182681084
1.76,0.05778279900550842,-0.05906879901885986,0.06328797340393066,0.6016177123160411,-0.22580860120014737,-1.2777291981856718,-0.18458335101604462,-0.5659769177436829,-0.8034918308258057,-0.5397194623947144,0.634025514125824,-0.04117518663406372
1.78,-0.007905825972557068,0.014578700065612793,-0.024471759796142578,0.5896648572750766,-0.20946196397017594,-1.282069002277025,-0.17281928658485413,-0.5560824871063232,-0.8129610419273376,-0.699816882610321,0.7467154264450073,-0.06304893642663956
1.80,-0.04406140744686127,0.09500342607498169,-0.08628416061401367,0.577645754560943,-0.1915862129929917,-1.287061185460509,-0.15952137112617493,-0.5460531711578369,-0.8224225640296936,-0.5739971399307251,0.7383695840835571,-0.11833519488573074
1.82,-0.07226455211639404,0.09158021211624146,-0.07379472255706787,0.5673284544754252,-0.1746007734604227,-1.2925321236313914,-0.14650073647499084,-0.5373809337615967,-0.8305174112319946,-0.503663957118988,0.6902379989624023,-0.13729102909564972
1.84,-0.10799942910671234,0.059319913387298584,-0.08757537603378296,0.560428009041456,-0.15922031091581598,-1.2962961016010177,-0.13429489731788635,-0.531548798084259,-0.836313784122467,-0.23097889125347137,0.6629489064216614,-0.05226479470729828
1.86,-0.13529255986213684,0.10274404287338257,-0.0792418122291565,0.5577972502169344,-0.14524289974740343,-1.296292674503373,-0.12279462814331055,-0.529318630695343,-0.8394898772239685,-0.0020680404268205166,0.7473586797714233,0.09434116631746292
1.88,-0.10863704234361649,0.08455163240432739,-0.07183468341827393,0.5600604011915853,-0.13081030644604158,-1.2924654864443044,-0.1105097085237503,-0.5312373638153076,-0.8399847745895386,0.23239073157310486,0.9174721837043762,0.19528798758983612
1.90,-0.08205574750900269,0.0022774338722229004,-0.047495484352111816,0.5650223496617205,-0.11392972851513795,-1.2858940426016556,-0.0960143581032753,-0.5354346632957458,-0.839101254940033,0.32039254903793335,1.139110803604126,0.3303268551826477
1.92,-0.03178618103265762,-0.05864995718002319,-0.01429837942123413,0.5687135268723607,-0.0941054587354857,-1.276814207333463,-0.07917576283216476,-0.5385485291481018,-0.8388662934303284,0.07089683413505554,1.3294695615768433,0.3904443681240082
1.94,0.02733827754855156,-0.0965692400932312,0.0387650728225708,0.5659979684054985,-0.07151675156062139,-1.2667735084114276,-0.06031254306435585,-0.5362583994865417,-0.8418962359428406,-0.2424452155828476,1.4679977893829346,0.462175577878952
1.96,0.06829532980918884,-0.07766669988632202,0.1001247763633728,0.5588156158162556,-0.04729045948990679,-1.2569211457916534,-0.04008186236023903,-0.5301823616027832,-0.8469356894493103,-0.4146836996078491,1.4911288022994995,0.4053506553173065
1.98,0.0942215770483017,-0.05025380849838257,0.11092191934585571,0.5490468565927599,-0.02180544270879105,-1.2480920058687242,-0.01859905570745468,-0.5218744277954102,-0.8528195023536682,-0.5228764414787292,1.5363129377365112,0.3817981779575348
2.00,0.06556454300880432,-0.023005306720733643,0.12863248586654663,0.5378648257574348,0.004426956493963729,-1.2403748933383407,0.003801877610385418,-0.5123034715652466,-0.8587960600852966,-0.5972973108291626,1.4814867973327637,0.2772550880908966
2.02,0.0679822713136673,-0.041038960218429565,0.10441690683364868,0.5166963159899216,0.022636129529667794,-1.23350351880554,0.019679436460137367,-0.49401041865348816,-0.8692331910133362,-1.5567066669464111,0.5024796724319458,0.49697116017341614
2.04,0.22799426317214966,-0.3618655800819397,-0.05103158950805664,0.48852776712102214,0.015901256189808883,-1.2257410560202204,0.014040611684322357,-0.469326376914978,-0.8829131126403809,-1.1812744140625,-0.43771031498908997,-0.18893319368362427
2.06,0.03843916952610016,-0.14837923645973206,-0.3147743344306946,0.478859035471724,0.01511025390380246,-1.2374124400959141,0.01341016124933958,-0.46076685190200806,-0.8874199390411377,0.18559521436691284,-0.18895013630390167,-0.6106215119361877
2.08,-0.0841580405831337,0.32199954986572266,-0.1105126142501831,0.4831058815117213,0.014825505203799768,-1.2438706835569255,0.013128340244293213,-0.4645318388938904,-0.8854590654373169,0.01605086959898472,-0.1494617462158203,0.06758195906877518
2.10,0.004277914762496948,0.16571250557899475,0.16482651233673096,0.47551481191584904,0.010446213840651128,-1.2396891822502403,0.009287112392485142,-0.45779621601104736,-0.889008641242981,-0.8675616383552551,-0.07550816237926483,0.1564479023218155
2.12,-0.04732440412044525,-0.10566312074661255,0.2000245451927185,0.44888792593243493,0.009306000469319568,-1.2354992435989711,0.008383936248719692,-0.4339638948440552,-0.9008912444114685,-1.6427223682403564,0.1566116213798523,0.2631392776966095
2.14,-0.04087570309638977,-0.06938296556472778,0.04630941152572632,0.41472420399458243,0.01066749322261241,-1.2278242128384944,0.00976299773901701,-0.40293753147125244,-0.9151753783226013,-1.6971354484558105,0.28996995091438293,0.35537034273147583
2.16,0.022568877786397934,-0.02170097827911377,-0.10664927959442139,0.3874734128241484,0.01402414670385344,-1.2195389934591137,0.012984064407646656,-0.37785035371780396,-0.9257756471633911,-0.8077870607376099,0.3807871341705322,0.37245243787765503
2.18,0.015188425779342651,0.03888416290283203,-0.21346664428710938,0.38216431101210613,0.018988856457264454,-1.2147763482266236,0.017617935314774513,-0.37292951345443726,-0.9276924133300781,0.06705233454704285,0.2238147109746933,0.05996941775083542
2.20,0.0522717647254467,0.0954875648021698,-0.045784831047058105,0.38622237012020594,0.01995429086716811,-1.2143831190650727,0.018483204767107964,-0.3766917586326599,-0.9261542558670044,0.29484501481056213,-0.06674094498157501,0.012326543219387531
2.22,0.04511900618672371,0.05881917476654053,0.019306838512420654,0.39014421009875977,0.0190088139116728,-1.2145831996264358,0.017579322680830956,-0.38032180070877075,-0.9246871471405029,-0.036223266273736954,0.04504665732383728,-0.013898463919758797
2.24,-0.04939818009734154,0.017824918031692505,0.011410117149353027,0.38203048390936106,0.0234410886521853,-1.2134413645199744,0.021749218925833702,-0.3728053569793701,-0.9276546239852905,-0.7430889010429382,0.43893110752105713,0.1308971494436264
2.26,-0.04639168828725815,-0.10433891415596008,0.019968152046203613,0.363155000603368,0.032902841808465984,-1.2087530778612514,0.030751394107937813,-0.35522523522377014,-0.9342747926712036,-1.0802210569381714,0.642923891544342,0.22982202470302582
2.28,-0.011851958930492401,-0.09431192278862,0.0766746997833252,0.34250596787458976,0.04352181214066845,-1.2033010937809747,0.040980949997901917,-0.3358485698699951,-0.9410240650177002,-1.0113438367843628,0.5818394422531128,0.1678404062986374
2.30,0.004401467740535736,-0.052120327949523926,0.11485224962234497,0.3213635252544911,0.05228330042717166,-1.1999392212217672,0.04958409070968628,-0.3158605694770813,-0.9475091099739075,-1.247182846069336,0.40702083706855774,0.039327386766672134
2.32,0.006572011858224869,-0.11515560746192932,0.14010459184646606,0.287055318045095,0.05903245947870144,-1.1974674396611267,0.05658407881855965,-0.2831292748451233,-0.9574111104011536,-2.2619857788085938,0.3442925810813904,0.05763096362352371
2.34,0.0028806887567043304,-0.21321743726730347,0.1336296796798706,0.23347806094697315,0.062451864335172476,-1.1918525640377664,0.060717906802892685,-0.23136261105537415,-0.9709709882736206,-2.6698007583618164,0.41258570551872253,0.027448775246739388
2.36,-0.022774219512939453,-0.19610542058944702,-0.16507792472839355,0.19153815576083977,0.06966624086400916,-1.1897485272155683,0.06833691895008087,-0.1903691440820694,-0.9793311953544617,-1.5088220834732056,0.20646396279335022,-0.004662379622459412
2.38,0.07507193088531494,0.10660640895366669,-0.05311131477355957,0.1700932150430721,0.07082969345314585,-1.1880603221159447,0.06974919140338898,-0.1692742258310318,-0.9830977916717529,-0.6660499572753906,-0.07913423329591751,-0.10371511429548264
2.40,0.04342392832040787,0.21255804598331451,-0.04409933090209961,0.16443945498231857,0.0690422040676395,-1.191832232898248,0.06805674731731415,-0.16369937360286713,-0.9841599464416504,0.021113550290465355,-0.12116965651512146,-0.14693060517311096
2.42,-0.015392228960990906,0.18939058482646942,-0.03581726551055908,0.16567229724688862,0.06813491030663714,-1.1929830108478856,0.06715000420808792,-0.16491545736789703,-0.9840192198753357,0.05193497985601425,-0.04413719102740288,-0.023958250880241394
2.44,-0.004267483949661255,0.08315369486808777,-0.00559234619140625,0.169148918360567,0.06728953793701858,-1.194655142358311,0.06627916544675827,-0.1683434695005417,-0.9834976196289062,0.3032107353210449,-0.06169257313013077,-0.10316149890422821
2.46,0.026905737817287445,0.044824883341789246,-0.023475229740142822,0.17808894548552978,0.06588854806271735,-1.1954207235503216,0.06479954719543457,-0.17714907228946686,-0.982048511505127,0.7057327032089233,-0.10189938545227051,0.10994376242160797
2.48,0.04683273658156395,0.1147262454032898,-0.09867757558822632,0.19931039251075341,0.063271589656743,-1.1936398367443897,0.061977650970220566,-0.1979934275150299,-0.9782419800758362,1.6537667512893677,-0.09894965589046478,0.15036247670650482
2.50,0.07506851851940155,0.2603914737701416,-0.1798996925354004,0.24968735020368396,0.05795514253894824,-1.1959907773650764,0.05612650513648987,-0.24710102379322052,-0.9673628807067871,3.153972625732422,-0.4294039309024811,-0.00833269115537405
2.52,0.0631018877029419,0.33889079093933105,-0.0729171633720398,0.31627468330218284,0.04880365970058922,-1.1991923165306395,0.046364620327949524,-0.3110281825065613,-0.9492690563201904,3.367711305618286,-0.4101288318634033,0.06422927230596542
2.54,-0.03283156454563141,0.12147948145866394,-0.1055530309677124,0.37927111942763175,0.042583561847884144,-1.201120049827488,0.039545394480228424,-0.37024348974227905,-0.9280925989151001,2.812441825866699,-0.34887686371803284,0.060380857437849045
2.56,-0.005217954516410828,-0.10097825527191162,0.059214651584625244,0.42812468543763077,0.03682349441849088,-1.2033109567760676,0.03349245339632034,-0.4151654839515686,-0.9091292023658752,2.036040782928467,-0.31173625588417053,-0.07625442743301392
2.58,-0.020063571631908417,-0.121611088514328,0.1846182942390442,0.4585447207618669,0.032914166119675854,-1.206793412406668,0.029508724808692932,-0.4426436424255371,-0.8962119221687317,1.0551923513412476,-0.212196946144104,-0.08660668879747391
2.60,-0.02938953787088394,-0.12101399898529053,0.1792006492614746,0.4733207365221008,0.030898819220147953,-1.2085964281178585,0.027497408911585808,-0.4558444321155548,-0.8896346092224121,0.5126568078994751,-0.06087338551878929,-0.009502391330897808
2.62,-0.0015622079372406006,-0.0980243980884552,0.09906917810440063,0.47923823242471014,0.03077496896570184,-1.2075711809427265,0.027303747832775116,-0.4611033499240875,-0.8869262337684631,-0.004386349115520716,0.08641771227121353,0.11312079429626465
2.64,0.028132949024438858,-0.14469608664512634,0.11924701929092407,0.4732859337444009,0.03098756352316743,-1.203798268614938,0.027576850727200508,-0.455813467502594,-0.8896480202674866,-0.5552219152450562,0.09725233912467957,0.15567325055599213
2.66,0.013911742717027664,-0.17499187588691711,0.11935567855834961,0.4586576310722988,0.032275694705353825,-1.2015757903775182,0.02893489971756935,-0.4427448809146881,-0.8961806297302246,-0.9127945303916931,0.12581661343574524,0.013240216299891472
2.68,0.0027699097990989685,-0.07301732897758484,0.09692853689193726,0.43781478035330407,0.03352460428718579,-1.1995626767290677,0.030356885865330696,-0.4239613711833954,-0.9051713943481445,-1.1912291049957275,0.08383311331272125,0.1039181500673294
2.70,0.008317697793245316,-0.06248357892036438,0.09524142742156982,0.40697079033658967,0.033884475175040146,-1.1972104112917772,0.03111097402870655,-0.39582934975624084,-0.9177969098091125,-2.000136137008667,0.052458591759204865,0.016935285180807114
2.72,-0.0003990679979324341,-0.12095087766647339,0.1782454252243042,0.35720885749392595,0.03359231212043851,-1.1938450205044395,0.03146592527627945,-0.34966063499450684,-0.9363478422164917,-3.1668450832366943,-0.019019853323698044,0.1292818933725357
2.74,-0.11009959131479263,-0.1342422366142273,-0.08313828706741333,0.30596450197619357,0.0437711087502869,-1.1991691966109657,0.04172491654753685,-0.30121302604675293,-0.9526435732841492,-1.717875599861145,0.44688624143600464,-0.2906441390514374
2.76,0.11649446189403534,0.061779171228408813,-0.2208395004272461,0.2835982569207174,0.04918555347563064,-1.19258590146539,0.047201789915561676,-0.2798119783401489,-0.9588937759399414,-0.4472169876098633,0.20574161410331726,0.5160154104232788
2.78,0.12302835285663605,0.39422228932380676,-0.11332947015762329,0.2970869711899469,0.047352051339461826,-1.1880507547568495,0.04526079446077347,-0.2927360236644745,-0.9551215171813965,1.8160223960876465,-0.19684772193431854,-0.05936972051858902
2.80,0.021160747855901718,0.5013244152069092,-0.26163917779922485,0.34927953042646415,0.04440002738344427,-1.192334928472581,0.0417054258286953,-0.3422209322452545,-0.9386934638023376,3.0266075134277344,-0.07673206180334091,-0.1380765438079834
2.82,-0.025685034692287445,0.26570481061935425,-0.13390368223190308,0.4032875327069448,0.043084988686794216,-1.1971306995647673,0.03961627185344696,-0.3924442529678345,-0.9189222455024719,2.2455499172210693,-0.2667980492115021,-0.06324107199907303
2.84,0.010589376091957092,-0.018327921628952026,0.12291425466537476,0.43611592714234304,0.03869557456180076,-1.1997510079676597,0.03506488725543022,-0.4224221408367157,-0.9057207107543945,1.0822019577026367,-0.2603227496147156,-0.02967473492026329
2.86,-0.02890165150165558,-0.08219254016876221,0.17538005113601685,0.45109370773429885,0.03483375143419944,-1.199958668572933,0.031343020498752594,-0.4359501004219055,-0.8994248509407043,0.4774702489376068,-0.10082408785820007,0.05059634521603584
2.88,-0.03313493728637695,-0.13840195536613464,0.1471826434135437,0.4552902004572019,0.03414741435165225,-1.198927453016495,0.03066297434270382,-0.4397229850292206,-0.8976098895072937,-0.10917897522449493,0.046913888305425644,0.07556859403848648
2.90,0.018826745450496674,-0.23798868060112,0.1638433337211609,0.44518056795070765,0.03378871367156173,-1.1954675390880907,0.030489623546600342,-0.43062084913253784,-0.9020177721977234,-0.9358078837394714,0.06744135916233063,0.20127150416374207
2.92,0.03790377825498581,-0.2872294485569,0.15085691213607788,0.4205037111627187,0.03330123131172425,-1.1906489334172774,0.030394524335861206,-0.4082203209400177,-0.9123772978782654,-1.5281877517700195,0.08405140042304993,0.10492755472660065
2.94,0.016179583966732025,-0.19952526688575745,0.14503633975982666,0.38434590906750754,0.033281773407213305,-1.1892215397648416,0.03084796853363514,-0.37495285272598267,-0.9265304803848267,-2.0953454971313477,-0.019424742087721825,-0.04587620496749878
2.96,0.009708870202302933,-0.11330828070640564,0.14392882585525513,0.3344508538056563,0.035121147483117766,-1.19203519284421,0.03316828981041908,-0.3282504975795746,-0.9440081715583801,-2.562906503677368,0.595703125,-0.6313880085945129
2.98,-0.1435171216726303,-0.18113422393798828,-0.0889735221862793,0.27772938261758545,0.04735685643249693,-1.201314525372535,0.045525141060352325,-0.27417275309562683,-0.9606022834777832,-2.872096538543701,0.10422883927822113,-0.18590828776359558
3.00,0.06591503322124481,-0.07393120229244232,-0.0060953497886657715,0.22364374362476808,0.053765833387752884,-1.2002927363410505,0.0524015836417675,-0.2217840850353241,-0.9736867547035217,-2.364476442337036,0.21717502176761627,0.0326114147901535
3.02,0.08550390601158142,0.13988859951496124,-0.11642903089523315,0.19263723102788124,0.05578457572606737,-1.1966987242688831,0.05472432076931,-0.19144800305366516,-0.9799759984016418,-0.7359519004821777,0.1658851057291031,0.10483615100383759
3.04,0.045291464775800705,0.42531025409698486,-0.15444594621658325,0.19712265949733582,0.05568384973696444,-1.1959332873363349,0.05457726866006851,-0.1958485245704651,-0.9791142344474792,1.0099647045135498,-0.01888350024819374,-0.028595350682735443
3.06,-0.003768429160118103,0.43520474433898926,-0.07859146595001221,0.22173084433295462,0.055415161799317145,-1.199002783472662,0.05403083935379982,-0.2199184149503708,-0.9740208387374878,1.4533872604370117,-0.011124113574624062,-0.08177158981561661
3.08,-0.025738969445228577,0.22340181469917297,-0.03637033700942993,0.2509448996148176,0.056656643250126065,-1.2022396516149223,0.054852697998285294,-0.2483193725347519,-0.9671239256858826,1.5330214500427246,0.08546057343482971,-0.06538832187652588
3.10,0.00775233656167984,0.07794615626335144,0.0012415647506713867,0.27790538486286603,0.05694688856312968,-1.2037182500483707,0.054732367396354675,-0.27434200048446655,-0.9600733518600464,0.9853050112724304,-0.0007282865699380636,0.15002751350402832
3.12,0.021749798208475113,-0.06274354457855225,0.05544471740722656,0.29378993759054406,0.05601070783795011,-1.2008826571790128,0.0535828061401844,-0.289581835269928,-0.9556522369384766,0.5954190492630005,-0.013517230749130249,0.15184366703033447
3.14,0.0035276152193546295,-0.17634591460227966,0.05991333723068237,0.30124252068304613,0.05635037076949787,-1.199270442558782,0.053784359246492386,-0.29670700430870056,-0.9534527659416199,0.15281349420547485,0.06689105927944183,0.05521538108587265
3.16,0.012203637510538101,-0.19002041220664978,0.07244688272476196,0.3013196820851689,0.056662338206829255,-1.198237183787098,0.054080504924058914,-0.29678067564964294,-0.9534130692481995,-0.05907292291522026,0.005839246325194836,0.05847584456205368
3.18,0.025739330798387527,-0.14220714569091797,0.036174118518829346,0.2962821517986955,0.05558248289016148,-1.1963478999695376,0.05313330888748169,-0.29196637868881226,-0.9549515843391418,-0.4185883104801178,-0.03443858027458191,0.085401751101017
3.20,0.002897348254919052,-0.055162668228149414,0.009137570858001709,0.2897403126005978,0.055727496835217924,-1.1962028928063269,0.05337703227996826,-0.2857033610343933,-0.9568304419517517,-0.24131028354167938,0.01708577573299408,-0.06211041659116745
3.22,0.0013727471232414246,0.07175472378730774,-0.006546199321746826,0.2871404953595381,0.05608151486209844,-1.1972816365020882,0.05375721678137779,-0.28321096301078796,-0.9575498700141907,-0.06167694553732872,-0.02484516240656376,-0.0363239124417305
3.24,0.010018285363912582,0.10343417525291443,-0.017835557460784912,0.28782703096391743,0.05611532744379837,-1.1974083797822594,0.05377867445349693,-0.28386932611465454,-0.9573536515235901,0.1722145825624466,-0.0033938447013497353,0.0016188831068575382
3.26,0.01307738572359085,0.06454834342002869,-0.023773252964019775,0.29400041825275686,0.05590817655344346,-1.198354626592601,0.053481411188840866,-0.2897832989692688,-0.9555968642234802,0.4245491027832031,-0.03720729053020477,-0.05648919194936752
3.28,0.0196685753762722,0.038451045751571655,-0.003598153591156006,0.30202448563613454,0.05551868842503453,-1.200082427539351,0.052978478372097015,-0.2974536716938019,-0.9532652497291565,0.37146350741386414,-0.052969206124544144,-0.040971219539642334
3.30,0.021817613393068314,-0.005548238754272461,0.0018582344055175781,0.3107061179197542,0.0543740169410571,-1.2008517612775822,0.0517449714243412,-0.30573102831840515,-0.9507107734680176,0.48705562949180603,-0.11014407873153687,0.03202975541353226
3.32,0.0288652665913105,0.017825454473495483,-0.05057293176651001,0.3273998709247496,0.052094977167915016,-1.2007656459084457,0.049305472522974014,-0.3215821087360382,-0.9455971121788025,1.4026259183883667,-0.20736970007419586,-0.021899523213505745
3.34,0.051585402339696884,0.11382162570953369,-0.10480266809463501,0.3649082421593973,0.04686876633474746,-1.2054471932932236,0.04376673698425293,-0.3568635880947113,-0.93313068151474,2.099289894104004,-0.4962656795978546,-0.23457281291484833
3.36,-0.004174243658781052,0.1283068060874939,-0.014458179473876953,0.40230043561392087,0.04322070643964895,-1.2154194537516398,0.03975770249962807,-0.391536146402359,-0.9193034172058105,1.5122421979904175,-0.35144495964050293,-0.37593957781791687
3.38,0.009284492582082748,-0.036821186542510986,0.11553889513015747,0.41948023813715835,0.037960233320292296,-1.220315460523352,0.03466078266501427,-0.40728580951690674,-0.912642776966095,0.19888907670974731,-0.3344331979751587,-0.05281085520982742
3.40,-0.0007277838885784149,-0.12432000041007996,0.17853784561157227,0.4139848481859484,0.033267777538751715,-1.2210890567945598,0.03045186959207058,-0.40226075053215027,-0.9150185585021973,-0.6433307528495789,-0.16030453145503998,-0.03699105232954025
3.42,-0.006999101489782333,-0.1045672595500946,0.11463791131973267,0.39609609020499664,0.030928420198055646,-1.2193219880912458,0.0285292137414217,-0.3858196437358856,-0.9221329689025879,-1.236810564994812,-0.11065931618213654,0.15526480972766876
3.44,-0.031162895262241364,-0.1491858959197998,-0.03559267520904541,0.37631077594521584,0.03380925186785909,-1.2194198582987301,0.03143751621246338,-0.3674919009208679,-0.9294952154159546,-0.9446648359298706,0.14020726084709167,-0.052938539534807205
3.46,0.046979520469903946,-0.12206977605819702,0.021423041820526123,0.357187240117091,0.03548237952724657,-1.2181521568478544,0.03323589637875557,-0.3496403992176056,-0.9362942576408386,-0.9228318333625793,0.07718728482723236,-0.008760164491832256
3.48,-0.006564665585756302,0.03554585576057434,0.0028850436210632324,0.34047133138474844,0.03687203821120954,-1.2188919015711563,0.03474761173129082,-0.33393141627311707,-0.9419566988945007,-0.6594215631484985,0.143370121717453,-0.08679723739624023
3.50,-0.01387275755405426,0.1499742567539215,-0.056580960750579834,0.3320043481459023,0.03945948576189888,-1.219183923721753,0.037294961512088776,-0.3259385824203491,-0.9446550607681274,-0.1953938603401184,0.14131291210651398,0.025470571592450142
3.52,0.009445302188396454,0.1538679599761963,-0.057977914810180664,0.3325721822391995,0.04238883723469032,-1.2194724317539565,0.04005417227745056,-0.3264753520488739,-0.9443566799163818,0.22087037563323975,0.11703048646450043,-0.06529501080513
3.54,0.02068951353430748,0.09411096572875977,-0.030891895294189453,0.339259502991212,0.044821890672316164,-1.2212970140555743,0.042252954095602036,-0.33278888463974,-0.942054271697998,0.38983219861984253,0.04319194704294205,-0.05196332558989525
3.56,0.02926361933350563,0.04136386513710022,-0.009674429893493652,0.3464071266137604,0.044889167112695236,-1.2207165598310536,0.042208511382341385,-0.33952054381370544,-0.9396511316299438,0.3976730406284332,0.030542638152837753,0.08807666599750519
3.58,0.019263193011283875,-0.015909343957901,-0.008493125438690186,0.354929686172665,0.04521492798184501,-1.2207127460161844,0.04238227754831314,-0.3475244343280792,-0.9367126226425171,0.3549150228500366,0.003046122845262289,-0.00018561724573373795
3.60,0.016850993037223816,-0.038280367851257324,0.03339993953704834,0.3599610215298544,0.04494238804086504,-1.2201191654880905,0.0420478954911232,-0.3522377610206604,-0.9349654912948608,0.14989030361175537,0.002180151641368866,0.06754215806722641
3.62,0.008817680180072784,-0.05913496017456055,0.02866828441619873,0.3614495323145247,0.04446913074681111,-1.2189948771010137,0.04158205911517143,-0.3536304831504822,-0.9344605207443237,0.014284327626228333,-0.007718285080045462,0.04107547923922539
3.64,0.012921825051307678,-0.02240157127380371,0.007106423377990723,0.3613412462819259,0.04394531435136834,-1.2179519428018157,0.04109425097703934,-0.3535291850566864,-0.934520423412323,-0.007870109751820564,0.0007807492511346936,0.03844146803021431
3.66,0.003990378230810165,0.020888954401016235,0.005770087242126465,0.3614405481932911,0.04405034950350701,-1.2179068172275735,0.04119086265563965,-0.35362207889556885,-0.9344810247421265,0.019157566130161285,0.0021542301401495934,-0.011961136944591999
3.68,-0.006620410829782486,0.02091202139854431,0.009912550449371338,0.3613346993402199,0.044773372486948286,-1.2181135659869804,0.0418681763112545,-0.35352304577827454,-0.9344883561134338,-0.1498769074678421,0.04625591263175011,0.0041818767786026
3.70,0.0003540255129337311,-0.031806349754333496,0.019343972206115723,0.3589875759289708,0.04587454727874445,-1.2175686200087235,0.042935118079185486,-0.35132652521133423,-0.935267984867096,-0.28309139609336853,0.04328559711575508,0.016199104487895966
3.72,0.01144629716873169,-0.033954083919525146,0.011188983917236328,0.35589682840505066,0.04735439728946712,-1.21764818833518,0.044370315968990326,-0.34843114018440247,-0.9362835884094238,-0.27645403146743774,0.02908136323094368,-0.013399280607700348
3.74,0.017944995313882828,0.016596555709838867,-0.005974233150482178,0.3519908830710808,0.04818276634434437,-1.2175700812328067,0.04521109536290169,-0.344767302274704,-0.9375987648963928,-0.1353745311498642,0.023936934769153595,0.0018887837650254369
3.76,0.010274548083543777,0.03690522909164429,-0.0013953447341918945,0.349179278230115,0.04822572689287765,-1.2172243611826776,0.04529792442917824,-0.342126727104187,-0.9385613203048706,-0.07377900928258896,0.022054702043533325,0.006997288204729557
3.78,0.007411859929561615,0.017826437950134277,-0.0042768120765686035,0.34972582907413535,0.04842411394458984,-1.2172376637520077,0.0454750657081604,-0.3426402509212494,-0.9383654594421387,-0.0752699226140976,0.025520095601677895,-0.02433851547539234
3.80,0.006949868053197861,0.008727341890335083,4.547834396362305e-05,0.35176791276875363,0.049685373653393865,-1.2178123296803345,0.046623703092336655,-0.3445580005645752,-0.9376065135002136,-0.0834362581372261,0.021502982825040817,-0.021146971732378006
3.82,0.005254186689853668,0.002087116241455078,0.01241070032119751,0.3489220902803348,0.05147292349697181,-1.2188449795848553,0.04834989830851555,-0.3418850600719452,-0.9384971261024475,-0.1847762167453766,0.027580494061112404,-0.04187056049704552
3.84,0.00608304888010025,-0.00491487979888916,0.0034229159355163574,0.3433277963682037,0.0527918232871399,-1.2192268946225104,0.049687787890434265,-0.33662253618240356,-0.9403278231620789,-0.10689663887023926,0.029116960242390633,0.025327235460281372
3.86,0.01697005331516266,0.0191403329372406,-0.026350975036621094,0.341278415351596,0.05318310804966836,-1.2185115219963747,0.05009228736162186,-0.3346920609474182,-0.9409952163696289,0.008520808070898056,0.001671487931162119,0.016974398866295815
3.88,0.011703148484230042,0.05023649334907532,-0.008888304233551025,0.34224880833565957,0.05326915847130018,-1.2186044521984483,0.050155941396951675,-0.33560630679130554,-0.940666139125824,0.083467036485672,-0.010904313996434212,0.0031459222082048655
3.90,-0.002386808395385742,0.038987547159194946,0.0023579001426696777,0.34475722464255437,0.05377811481486509,-1.2188231857879832,0.05058928579092026,-0.33796820044517517,-0.9397968649864197,0.10809911787509918,0.017387334257364273,0.0008341396460309625
3.92,0.003331240266561508,0.001056283712387085,-0.010241210460662842,0.34733848456766053,0.05449881814902102,-1.218925126462961,0.05121889337897301,-0.3403964340686798,-0.9388859868049622,0.10388731211423874,0.006110533140599728,0.007329888176172972
3.94,0.01393895223736763,0.00366896390914917,0.003955364227294922,0.3475368437939683,0.055442400328455176,-1.2194117057262268,0.05210104584693909,-0.340582937002182,-0.9387698173522949,0.09627524018287659,-0.0032004988752305508,-0.008539474569261074
3.96,-0.0026825740933418274,0.012096613645553589,0.011383354663848877,0.34509246559647533,0.056454087508272945,-1.2198741590081001,0.05309757590293884,-0.3382836878299713,-0.9395449757575989,0.04767027497291565,0.013184688054025173,0.0015359936514869332
3.98,0.001942519098520279,-0.01818445324897766,0.013148844242095947,0.34203767515238104,0.056633915303566006,-1.2198010559352137,0.053324777632951736,-0.33540743589401245,-0.9405627846717834,-0.05640177056193352,0.007231191731989384,-0.002659902907907963
4.00,0.007513448596000671,-0.033250898122787476,0.019410550594329834,0.33952187788059046,0.05653317083394441,-1.219935810004264,0.053277529776096344,-0.33303630352020264,-0.9414076209068298,-0.1551419049501419,0.0020267535001039505,-0.02911105751991272
4.02,-0.0035082176327705383,-0.01478007435798645,0.018116295337677002,0.33595593127180745,0.057422581442065745,-1.2206343884208326,0.054182618856430054,-0.32967180013656616,-0.9425395131111145,-0.23684625327587128,0.01407311949878931,-0.036811381578445435
4.04,-0.00500066950917244,-0.019315868616104126,0.023822247982025146,0.3283332063678433,0.05899630138155971,-1.2216370034585282,0.055812396109104156,-0.322465717792511,-0.9449343085289001,-0.6328850984573364,0.10903487354516983,-0.09440860897302628
4.06,-0.01778976246714592,-0.06811243295669556,0.0697278380393982,0.3107348338971705,0.06247698432368639,-1.2230352354099208,0.05944621562957764,-0.30575835704803467,-0.9502515196800232,-1.3348610401153564,0.24420157074928284,-0.18223901093006134
4.08,-0.016553297638893127,-0.15220099687576294,0.06620138883590698,0.2760664466199058,0.06733926720780473,-1.223376766606473,0.06474051624536514,-0.2725731432437897,-0.9599544405937195,-2.137066602706909,0.2784431576728821,-0.015286322683095932
4.10,0.0076563432812690735,-0.16777169704437256,0.04957228899002075,0.23073938007163491,0.0724504126937891,-1.2204219522095507,0.07046861201524734,-0.22869737446308136,-0.9709436893463135,-2.4423036575317383,0.36407268047332764,-0.12810534238815308
4.12,0.027239933609962463,-0.1355993002653122,0.07482969760894775,0.18166719513744398,0.07629162868095145,-1.218717312815517,0.07496339082717896,-0.18066957592964172,-0.980682909488678,-1.8021717071533203,0.09425210952758789,-0.0885697454214096
4.14,0.07923530787229538,0.004287466406822205,-0.12718677520751953,0.1563518885104506,0.07477598026609132,-1.2168330269528156,0.07379504293203354,-0.15571564435958862,-0.9850415587425232,-1.0379170179367065,-0.1567366123199463,0.09173010289669037
4.16,0.014291338622570038,0.2535828649997711,-0.0341339111328125,0.14412645596180704,0.07102250525965513,-1.2133805717192498,0.07022704929113388,-0.14362800121307373,-0.9871368408203125,-0.2271692305803299,-0.10928796976804733,0.10388989001512527
4.18,-0.05981728434562683,0.2773876190185547,-0.048712313175201416,0.14511437530915988,0.07104484439340296,-1.2125986070708927,0.07023900002241135,-0.1446056067943573,-0.9869932532310486,0.304667592048645,0.09655671566724777,-0.01980677619576454
4.20,-0.04641120880842209,0.14620639383792877,-0.044673800468444824,0.154727058148948,0.07370958919652244,-1.2142565577878677,0.0727631002664566,-0.15411041676998138,-0.9853707551956177,0.5945857167243958,0.14276941120624542,-0.06000988930463791
4.22,0.0111178457736969,0.0384192019701004,-0.008481025695800781,0.16676986817013592,0.0764107950039699,-1.2162156282627228,0.07527738064527512,-0.16599790751934052,-0.9832487106323242,0.5877543687820435,0.08241338282823563,-0.026867464184761047
4.24,0.02481059730052948,-0.02724355459213257,0.01712775230407715,0.1771730982296901,0.07769406680436843,-1.216745746386138,0.07640091329813004,-0.17624762654304504,-0.9813764095306396,0.42719343304634094,0.04580148681998253,0.02689816802740097
4.26,0.013585641980171204,-0.07044467329978943,0.018557429313659668,0.18309426496004988,0.07848844415579577,-1.2171600810048007,0.07709729671478271,-0.1820729821920395,-0.9802578687667847,0.111642986536026,0.05737629532814026,-0.007029642350971699
4.28,0.013522312045097351,-0.07622672617435455,0.04125088453292847,0.18309533553127771,0.07883326739244587,-1.2163449773538284,0.07743529230356216,-0.18207404017448425,-0.980230987071991,-0.05431043356657028,-0.0038932757452130318,-0.003954879008233547
4.30,0.0040644630789756775,-0.06513367593288422,0.018693268299102783,0.17958924250126734,0.0787642817288735,-1.2162362160159164,0.07741742581129074,-0.1786254346370697,-0.9808667302131653,-0.25738513469696045,0.0034234928898513317,0.01072332076728344
4.32,0.005484439432621002,-0.03536233305931091,0.019069671630859375,0.17346833620374463,0.07867723064112295,-1.215768921585953,0.07741651684045792,-0.172599658370018,-0.9819450378417969,-0.3339231610298157,-0.003944586031138897,-0.004151474218815565
4.34,0.0067441388964653015,-0.006543457508087158,0.000889897346496582,0.167378435831058,0.07846184108788244,-1.2150410623863717,0.07728597521781921,-0.16659799218177795,-0.9829913377761841,-0.2683020234107971,-0.0056562889367341995,0.020642170682549477
4.36,0.0027501508593559265,0.033262357115745544,-0.00793689489364624,0.16347555462206892,0.07815853937165564,-1.214688598006042,0.0770380049943924,-0.16274839639663696,-0.9836554527282715,-0.11257942765951157,-0.009678194299340248,-0.0034219766966998577
4.38,-0.001250050961971283,0.06672954559326172,-0.009692490100860596,0.1631400734732732,0.07828075367754046,-1.2146423944200548,0.0771624892950058,-0.16241738200187683,-0.9837004542350769,0.027640534564852715,0.017349693924188614,-0.004164466168731451
4.40,-0.001965932548046112,0.04743888974189758,-0.0033378005027770996,0.1645902821903759,0.07888785651289101,-1.2149015984760692,0.07774104177951813,-0.1638481616973877,-0.9834175705909729,0.04680078104138374,0.027969494462013245,-0.006510301027446985
4.42,0.007951833307743073,-0.006994351744651794,0.009940385818481445,0.16477067250425456,0.07944927836013305,-1.2150935892066395,0.07829079031944275,-0.16402611136436462,-0.9833442568778992,-0.06616806238889694,0.028492536395788193,-0.01152334176003933
4.44,0.008896254003047943,-0.049530401825904846,0.021584033966064453,0.16121954739721397,0.07994725025373706,-1.214966338175721,0.07882647961378098,-0.16052205860614777,-0.983879566192627,-0.2699919641017914,0.026653004810214043,-0.0018956868443638086
4.46,0.00640164315700531,-0.07098488509654999,0.025117695331573486,0.152752973985117,0.080312139935626,-1.214277450001618,0.0792916789650917,-0.15215963125228882,-0.9851701855659485,-0.48261284828186035,0.02405082993209362,0.021668942645192146
4.48,0.01384444534778595,-0.07192856073379517,0.020346403121948242,0.14104775336992825,0.08023823925083083,-1.2126504276080423,0.07935620099306107,-0.14058053493499756,-0.986883819103241,-0.6080899238586426,-0.0024641351774334908,0.04221240058541298
4.50,0.015509061515331268,-0.034535959362983704,0.0006411075592041016,0.13069169529937485,0.07986058192326217,-1.2101467779351747,0.07909539341926575,-0.1303199678659439,-0.9883120059967041,-0.36982011795043945,0.06907138973474503,0.200825497508049
4.52,0.04412294924259186,0.08242850005626678,-0.06799173355102539,0.12805094855273827,0.07774597770193598,-1.2056176222132353,0.07703179121017456,-0.1277012974023819,-0.9888166785240173,-0.20505428314208984,-0.046258844435214996,0.037438277155160904
4.54,-0.039770565927028656,0.16414998471736908,-0.06496256589889526,0.13229368035820574,0.07664745556087887,-1.2059965837940183,0.07590333372354507,-0.131908118724823,-0.9883516430854797,0.3935832977294922,0.028948117047548294,0.011095651425421238
4.56,-0.03806188702583313,0.17469944059848785,-0.012340903282165527,0.14388433466714745,0.07807058383974214,-1.2068405060546543,0.07718537747859955,-0.14338837563991547,-0.9866520166397095,0.7013017535209656,0.08815817534923553,-0.021576980128884315
4.58,0.001117616891860962,0.0632396936416626,-0.017321467399597168,0.15927972279564898,0.079546634586297,-1.2078080571847076,0.07845691591501236,-0.1586070954799652,-0.9842196702957153,0.791419267654419,0.04968126863241196,0.0319957509636879
4.60,0.0206129252910614,-0.006340891122817993,0.007287144660949707,0.1744745720553723,0.08039375815807939,-1.2088812084400355,0.07908795028924942,-0.17359070479869843,-0.9816370606422424,0.6987589597702026,0.023341896012425423,-0.01341421902179718
4.62,0.004948027431964874,-0.01959867775440216,0.032051920890808105,0.18586099386700092,0.08225301263047097,-1.2105647981444698,0.08074529469013214,-0.18479277193546295,-0.9794548749923706,0.42933204770088196,0.06492768973112106,-0.018778808414936066
4.64,0.01977258175611496,-0.07616876065731049,0.03978472948074341,0.1911055987196417,0.08338754995326579,-1.2107220679039263,0.08177462220191956,-0.18994447588920593,-0.9783833622932434,0.09322178363800049,0.023715537041425705,0.042231734842061996
4.66,0.01742277294397354,-0.11793673038482666,0.042130887508392334,0.18937600810695074,0.08331290046329108,-1.210137722937728,0.08172880113124847,-0.18824610114097595,-0.9787153601646423,-0.2290140986442566,-0.01884373091161251,0.0043297684751451015
4.68,0.0037851333618164062,-0.08057819306850433,0.0206526517868042,0.1839150859126442,0.08252220469725914,-1.2096371590991413,0.08103843778371811,-0.18288002908229828,-0.9797896146774292,-0.30998167395591736,-0.022729281336069107,0.0030499508138746023
4.70,-0.002227500081062317,0.010836973786354065,0.0011806488037109375,0.17825279284540912,0.08228160112524731,-1.209392607498205,0.08088650554418564,-0.17731031775474548,-0.9808253645896912,-0.251222163438797,0.002385126193985343,-0.01947178691625595
4.72,0.0020295679569244385,0.053060293197631836,-0.007039189338684082,0.17548048436478864,0.08200765247273051,-1.2087445300555393,0.08065776526927948,-0.17458125948905945,-0.9813336133956909,-0.018641890957951546,-0.009618273936212063,0.05605617165565491
4.74,0.011412963271141052,0.07139687240123749,-0.03033137321472168,0.17772340313963172,0.0813880379415759,-1.2084538207184259,0.08001766353845596,-0.1767892986536026,-0.9809907078742981,0.24502970278263092,-0.033954061567783356,-0.016802620142698288
4.76,-0.007117554545402527,0.10130904614925385,-0.009926676750183105,0.18427459495701268,0.08133663499279402,-1.2090443551859336,0.07987142354249954,-0.18323345482349396,-0.9798194169998169,0.3869875967502594,0.02050536312162876,0.015310727059841156
4.78,-0.005008623003959656,0.04122859239578247,-0.0013849139213562012,0.1915058657037763,0.08284909408091762,-1.2093315174242423,0.08124149590730667,-0.19033744931221008,-0.9783514142036438,0.2917986214160919,0.06892118602991104,-0.0008095309603959322
4.80,0.011693067848682404,-0.06619927287101746,0.03247934579849243,0.19488923858903648,0.08326988119283057,-1.2096507827902483,0.08159913122653961,-0.19365787506103516,-0.9776697754859924,0.08543694019317627,0.00281016668304801,0.00852779857814312
4.82,0.013585329055786133,-0.08288688957691193,0.017468035221099854,0.19403948286178868,0.0831777109434125,-1.2096152583227586,0.08152266591787338,-0.192824125289917,-0.9778409600257874,-0.0966750830411911,-0.012752103619277477,-0.018624214455485344
4.84,-0.0020511969923973083,-0.026577457785606384,0.018863797187805176,0.19051529518784127,0.08289840614404731,-1.2095792228538147,0.08130531013011932,-0.18936489522457123,-0.9785348176956177,-0.145044207572937,-0.007477535400539637,0.007085377816110849
4.86,0.010316364467144012,0.0130443274974823,0.0012179017066955566,0.18746496579830282,0.08268598747718237,-1.2092149806519148,0.081144779920578,-0.1863688826560974,-0.9791231751441956,-0.09633280336856842,-0.004138908348977566,-0.0071336571127176285
4.88,0.006160080432891846,0.025231167674064636,-0.00013893842697143555,0.18659027687784469,0.08260037838860021,-1.2092537048191567,0.08107437193393707,-0.18550944328308105,-0.9792922139167786,-0.03304513171315193,-0.006315865088254213,-0.00080583879025653
4.90,-0.004513055086135864,0.02148275077342987,-0.006615102291107178,0.18748080998047023,0.08290223932849498,-1.2093353980254602,0.08135627210140228,-0.1863844394683838,-0.9791026711463928,0.019407091662287712,0.016736457124352455,-0.01564691960811615
4.92,-0.0037017911672592163,0.013206303119659424,0.0007630586624145508,0.1884686008616237,0.08353876961410989,-1.2099189339854253,0.08196407556533813,-0.18735483288764954,-0.978866696357727,0.002874040510505438,0.027865631505846977,-0.027841337025165558
4.94,0.008264325559139252,-0.0048779696226119995,0.011604726314544678,0.18761164317135404,0.08426995461542774,-1.2103261086124122,0.08269327133893967,-0.18651297688484192,-0.9789661765098572,-0.08010072261095047,0.01405403297394514,-0.014863274060189724
4.96,0.020079724490642548,-0.0340399295091629,0.023572981357574463,0.18391402046783076,0.08431511507176513,-1.2103467511240273,0.08279499411582947,-0.18287897109985352,-0.979642927646637,-0.2451810985803604,-0.01394954975694418,-0.019961679354310036
4.98,0.00843069702386856,-0.05449092388153076,0.02749788761138916,0.17576753871906714,0.08411895888696169,-1.210418007174711,0.08272526413202286,-0.17486390471458435,-0.9811111688613892,-0.4829420745372772,0.00660561490803957,-0.03989994153380394
5.00,0.004056237637996674,-0.07260750234127045,0.025349020957946777,0.1643990977543597,0.08384094057826726,-1.2097791817699304,0.08261363953351974,-0.16365955770015717,-0.9830516576766968,-0.6391924619674683,-0.005655933637171984,0.008298983797430992
5.02,0.016007333993911743,-0.056734248995780945,0.00754547119140625,0.15316875124441903,0.08323712122254819,-1.208420002347773,0.08216767013072968,-0.15257054567337036,-0.9848709106445312,-0.5853002071380615,-0.05715924873948097,0.028665974736213684
5.04,0.015965208411216736,0.030031755566596985,-0.016115307807922363,0.14427069749221397,0.08131213577499433,-1.2067906658977139,0.08037874102592468,-0.1437707394361496,-0.9863413572311401,-0.27908748388290405,-0.09753748029470444,0.04533926770091057
5.06,-0.010514378547668457,0.1441003531217575,-0.0362887978553772,0.14335486218543494,0.0797138925601322,-1.2060944468546706,0.07881268113851547,-0.14286436140537262,-0.9865993857383728,0.18639791011810303,-0.03379622474312782,0.01905788481235504
5.08,-0.03482010215520859,0.178704172372818,-0.03574490547180176,0.15078674643730447,0.08014097157739072,-1.2066219414797732,0.0791468396782875,-0.1502159982919693,-0.9854800701141357,0.5214917659759521,0.07509537041187286,-0.015138701535761356
5.10,-0.020053818821907043,0.0880267471075058,-0.015198230743408203,0.16197624620101383,0.08216407297951206,-1.2079941318398626,0.08099737763404846,-0.1612689048051834,-0.9835810661315918,0.5663142204284668,0.09495572000741959,-0.025452127680182457
5.12,0.01733342558145523,-0.027045175433158875,0.016264796257019043,0.17154888034991606,0.08370770346882975,-1.2093337815846086,0.08238271623849869,-0.17070870101451874,-0.981871485710144,0.3844052851200104,0.024543337523937225,-0.02729254774749279
5.14,0.030761606991291046,-0.08236272633075714,0.03020864725112915,0.17642454740309235,0.08390360837820163,-1.2098295869477094,0.08250433206558228,-0.17551074922084808,-0.9810142517089844,0.10576914250850677,-0.011212353594601154,0.008535648696124554
5.16,0.01466667652130127,-0.08282618224620819,0.03176945447921753,0.1759538039965275,0.08355125478701705,-1.2095802887757718,0.08216555416584015,-0.17504729330539703,-0.98112553358078,-0.14145518839359283,-0.01894555240869522,0.019277451559901237
5.18,0.00947611778974533,-0.05691790580749512,0.021290838718414307,0.17172326087231377,0.08290115835459057,-1.208844609104725,0.08158829808235168,-0.1708805114030838,-0.9819079637527466,-0.26121363043785095,-0.03488856554031372,0.011530574411153793
5.20,0.0010159015655517578,-0.014217615127563477,0.005292952060699463,0.16685331563720476,0.08215581382238754,-1.2082178110297535,0.08092375099658966,-0.16608019173145294,-0.9827861785888672,-0.20587989687919617,-0.01774437725543976,0.013465131632983685
5.22,-0.00473959743976593,0.04259835183620453,-0.00988757610321045,0.16430829260689403,0.08182892505507225,-1.2079529227358365,0.08063676953315735,-0.16356997191905975,-0.9832306504249573,-0.027207523584365845,0.0022918269969522953,-0.004256377927958965
5.24,-0.003879450261592865,0.07904763519763947,-0.018935322761535645,0.16575838204493148,0.08209135591262559,-1.2081475908428203,0.08087526261806488,-0.16500036418437958,-0.9829720854759216,0.16258974373340607,0.019587192684412003,-0.012132672592997551
5.26,0.0011986643075942993,0.0709393322467804,-0.0061751604080200195,0.17061224759110993,0.08278375782463225,-1.2087106896797297,0.08148866891860962,-0.169785737991333,-0.98210608959198,0.22929158806800842,0.02662406489253044,-0.0063750166445970535
5.28,0.009702198207378387,0.006535142660140991,0.007324397563934326,0.17458061617600143,0.08330314947681032,-1.209141905216607,0.08194205164909363,-0.1736951470375061,-0.9813844561576843,0.12318893522024155,0.012798530049622059,-0.0033853440545499325
5.30,0.01172415167093277,-0.05780041217803955,0.020470499992370605,0.17477748418458322,0.08334475720029488,-1.2092456410743668,0.08198003470897675,-0.17388901114463806,-0.9813469648361206,-0.0684238150715828,-0.008081275038421154,0.004552182741463184
5.32,0.012284986674785614,-0.06756363809108734,0.019680559635162354,0.17075265650563584,0.08277715973906971,-1.208817353745663,0.08148021996021271,-0.16992411017417908,-0.9820829033851624,-0.2226811647415161,-0.03807920962572098,0.010494370944797993
5.34,0.008565694093704224,-0.029857531189918518,0.009442567825317383,0.1651363517042192,0.08188716006616896,-1.2080645797136094,0.08068292587995529,-0.1643868237733841,-0.9830906391143799,-0.2150060385465622,-0.032615914940834045,0.017793333157896996
5.36,-0.0031645074486732483,0.028039798140525818,-0.003168165683746338,0.16200247110112817,0.08146854237337522,-1.2077920472751542,0.08031290769577026,-0.16129477322101593,-0.9836329817771912,-0.04456500709056854,-0.02194613590836525,0.015565712936222553
5.38,0.0009556636214256287,0.07207620143890381,-0.028307676315307617,0.16419788926116619,0.08132704373389853,-1.207322565861749,0.08014476299285889,-0.16346105933189392,-0.9832890033721924,0.181617870926857,-0.004897909238934517,0.015020646154880524
5.40,-0.007665224373340607,0.08190710842609406,-0.009950697422027588,0.17020635149432914,0.08182882849208327,-1.2079974183586415,0.08055641502141953,-0.16938571631908417,-0.9822520613670349,0.30050361156463623,0.021531833335757256,-0.013149816542863846
5.42,-0.0067873746156692505,0.03759877383708954,0.0030976533889770508,0.17639043316848663,0.08281142271555599,-1.2084614063513177,0.08143333345651627,-0.17547716200351715,-0.9811097979545593,0.24530068039894104,0.04664366692304611,0.01567688398063183
5.44,0.01319410651922226,-0.08116640150547028,0.03352111577987671,0.17618282410945355,0.08402915209940405,-1.2091990015227105,0.08263105154037476,-0.17527277767658234,-0.9810461401939392,-0.1908363550901413,0.004845443181693554,-0.007997705601155758
5.46,0.01319410651922226,-0.08116640150547028,0.03352111577987671,0.17618282410945355,0.08402915209940405,-1.2091990015227105,0.08263105154037476,-0.17527277767658234,-0.9810461401939392,-0.1908363550901413,0.004845443181693554,-0.007997705601155758
5.48,0.014912694692611694,-0.005037426948547363,0.003413081169128418,0.16483640809057465,0.0823338338241361,-1.2077773891556527,0.08112608641386032,-0.16409096121788025,-0.9831036329269409,-0.18987590074539185,-0.050385233014822006,0.016979405656456947
5.50,0.014912694692611694,-0.005037426948547363,0.003413081169128418,0.16483640809057465,0.0823338338241361,-1.2077773891556527,0.08112608641386032,-0.16409096121788025,-0.9831036329269409,-0.18987590074539185,-0.050385233014822006,0.016979405656456947
5.52,-0.015373624861240387,0.07715661823749542,-0.016134262084960938,0.16589870841386353,0.08282729484603454,-1.2080775022663104,0.0815967321395874,-0.16513876616954803,-0.9828891754150391,0.13562923669815063,0.05471402034163475,-0.01255104411393404
5.54,0.004180826246738434,0.025421142578125,-0.0013554096221923828,0.16944984082166525,0.08408081243796615,-1.2087839104282674,0.08277896791696548,-0.16864009201526642,-0.9821955561637878,0.12302963435649872,0.02962677739560604,-0.017488015815615654
5.56,0.01611802726984024,-0.020766347646713257,0.018716156482696533,0.17095253397754395,0.08462602219794915,-1.2091043640624395,0.08329293876886368,-0.17012107372283936,-0.981896698474884,0.005917687434703112,9.374250657856464e-05,-0.003665476106107235
5.58,0.010904364287853241,-0.041202425956726074,0.01615166664123535,0.16912101952334416,0.08431478822784068,-1.2090160634964455,0.08301343768835068,-0.16831597685813904,-0.9822313785552979,-0.11577684432268143,-0.013368536718189716,-0.0010540741495788097
5.60,0.010904364287853241,-0.041202425956726074,0.01615166664123535,0.16912101952334416,0.08431478822784068,-1.2090160634964455,0.08301343768835068,-0.16831597685813904,-0.9822313785552979,-0.11577684432268143,-0.013368536718189716,-0.0010540741495788097
5.62,0.00452452152967453,-0.00675538182258606,-0.002846240997314453,0.16134789506515018,0.08312103342064621,-1.2081810963653208,0.08194699138402939,-0.16064873337745667,-0.9836038947105408,-0.1003851443529129,-0.016639165580272675,0.007233248092234135
5.64,-0.005625702440738678,0.035392701625823975,-0.0059814453125,0.16101117167072834,0.08349196211783054,-1.2083766962994371,0.0823163390159607,-0.1603163778781891,-0.9836273193359375,0.010335472412407398,0.0121931042522192,-0.016938015818595886
5.66,-0.0073971375823020935,0.058263227343559265,-0.004375457763671875,0.16318880577979755,0.08437675007851125,-1.208738387708624,0.08315698802471161,-0.16246546804904938,-0.9832038879394531,0.08547571301460266,0.03221448138356209,-0.008618127554655075
5.68,0.005195967853069305,0.015112325549125671,0.00016188621520996094,0.16595850480169727,0.0851097010256852,-1.2091122143447697,0.08383902907371521,-0.16519774496555328,-0.9826905727386475,0.06416045874357224,0.01485537737607956,-0.009199438616633415
5.70,0.011005878448486328,-0.022221237421035767,0.008482217788696289,0.1669689942505238,0.08525217638665898,-1.2091614359091907,0.08396477997303009,-0.16619426012039185,-0.9825117588043213,-0.0023512011393904686,-0.004654673393815756,0.007078612223267555
5.72,0.006095424294471741,-0.02218170464038849,0.010210931301116943,0.16532263100677394,0.08497724464644099,-1.2090011555635514,0.08371776342391968,-0.16457056999206543,-0.9828060865402222,-0.04772002622485161,-0.0023872582241892815,0.0029095085337758064
5.74,0.004272334277629852,-0.001777932047843933,0.0036616921424865723,0.16210862102343673,0.08450497702217682,-1.2087292852605604,0.08329781889915466,-0.16139954328536987,-0.9833675026893616,-0.042404718697071075,-0.0020872089080512524,0.0035686232149600983
5.76,0.00047306716442108154,0.013953685760498047,0.0032012462615966797,0.16029968949385354,0.08471257433913744,-1.2087887530269887,0.08352652937173843,-0.15961405634880066,-0.9836394786834717,-0.03258878365159035,0.014977173879742622,-0.014266164042055607
5.78,-0.004752196371555328,0.0035191625356674194,0.005660891532897949,0.16037948451049655,0.08597713867008687,-1.209278012950193,0.08476924896240234,-0.15969283878803253,-0.9835203886032104,-0.12359892576932907,0.062089379876852036,-0.043110109865665436
5.80,-0.004917427897453308,-0.036153510212898254,0.03918677568435669,0.1554353433244884,0.08821670730301598,-1.2102486286703535,0.08704019337892532,-0.15481020510196686,-0.9841025471687317,-0.5230918526649475,0.08510220050811768,-0.029915422201156616
5.82,0.03744093328714371,-0.12926509976387024,0.03172624111175537,0.14446068015674585,0.08820953031544251,-1.2075568072484022,0.08717755973339081,-0.14395874738693237,-0.9857362508773804,-0.6731942296028137,-0.06243372708559036,0.13010646402835846
5.84,0.0475214421749115,-0.09943835437297821,-0.001096189022064209,0.13371731294503755,0.08451242269056147,-1.2049363499800847,0.08365832269191742,-0.1333191841840744,-0.9875359535217285,-0.3848434090614319,-0.22197198867797852,0.07763474434614182
5.86,-0.017727889120578766,0.16132807731628418,-0.04061990976333618,0.13177128824592696,0.08117247945159534,-1.2038164642568938,0.08038043230772018,-0.1313902735710144,-0.9880666136741638,0.20996429026126862,-0.07606937736272812,-0.0573265440762043
5.88,-0.07295253872871399,0.2909528613090515,-0.06411033868789673,0.14184608732303494,0.08187619136884722,-1.2060580529036111,0.08096335083246231,-0.14137090742588043,-0.9866403341293335,0.7468429207801819,0.09683147072792053,-0.02615009807050228
5.90,-0.02021688222885132,0.1510988026857376,-0.024845659732818604,0.15813520203430398,0.08462004781074517,-1.2074824858514246,0.08346452564001083,-0.15747694671154022,-0.9839891791343689,0.8281914591789246,0.11937930434942245,-0.035324908792972565
5.92,0.01487521082162857,-0.0475279837846756,0.025509417057037354,0.17231764405904482,0.08672059391395967,-1.209366966664076,0.08532921969890594,-0.17146612703800201,-0.9814878106117249,0.5390655994415283,0.05995672196149826,-0.01648009940981865
5.94,0.028662070631980896,-0.1303674727678299,0.047057926654815674,0.17898196195873037,0.08739107194131636,-1.2102970824557586,0.08588562160730362,-0.17802788317203522,-0.9802702069282532,0.1295936405658722,-0.0012239008210599422,0.0003101194743067026
5.96,0.02086203545331955,-0.12968769669532776,0.04459017515182495,0.17753306302462385,0.0874799835133288,-1.210034928291184,0.08599521964788437,-0.17660194635391235,-0.9805185198783875,-0.23392260074615479,0.024281635880470276,0.00978641677647829
5.98,0.018556639552116394,-0.07742586731910706,0.030301272869110107,0.17217224618616947,0.08610797547509025,-1.2092561639156152,0.08473006635904312,-0.17132288217544556,-0.9815647006034851,-0.29535168409347534,-0.06065988540649414,-0.005238432437181473
6.00,-0.005958639085292816,0.019754230976104736,-0.011643528938293457,0.1674472162775535,0.0852091662580978,-1.2093268299182878,0.08391574770212173,-0.16666582226753235,-0.9824360609054565,-0.1578151434659958,-0.027233218774199486,-0.016154898330569267
6.02,-0.016806960105895996,0.08813387155532837,-0.009914636611938477,0.16609063686719547,0.0852821399775486,-1.2093347640431018,0.08400662243366241,-0.16532805562019348,-0.982654333114624,0.03127339109778404,0.026396097615361214,-0.013053417205810547
6.04,-0.0033090561628341675,0.06877300143241882,-0.015465199947357178,0.16810486660249807,0.08598538298861379,-1.209888753373316,0.08466887474060059,-0.16731423139572144,-0.9822612404823303,0.1514587253332138,0.031221745535731316,-0.013339700177311897
6.06,0.006868734955787659,0.02487333118915558,-0.001644432544708252,0.1717119735808924,0.08624063585183143,-1.210228272979894,0.08486706018447876,-0.1708693951368332,-0.9816319346427917,0.210123211145401,-0.003267166670411825,0.024972286075353622
6.08,0.014838941395282745,0.0021256357431411743,-0.01407003402709961,0.1762700268765738,0.08602468698031046,-1.2101229732274268,0.08458728343248367,-0.1753586232662201,-0.9808640480041504,0.2495640069246292,-0.016778092831373215,0.019572410732507706
6.10,-0.0013467520475387573,0.01825396716594696,0.007149875164031982,0.18051816929150755,0.08658501512360077,-1.2101933027755352,0.08507169038057327,-0.17953935265541077,-0.9800655245780945,0.21208542585372925,0.034954700618982315,-0.007183007895946503
6.12,0.00018437206745147705,-0.007931262254714966,0.023973047733306885,0.18199071750517842,0.08678997464505617,-1.210508201953668,0.08524955064058304,-0.18098777532577515,-0.9797835946083069,0.03457174450159073,0.014383910223841667,0.005751608870923519
6.14,0.006686210632324219,-0.05693750083446503,0.0192563533782959,0.18010328286274396,0.08702294967814725,-1.2105229223249747,0.0855073481798172,-0.1791311800479889,-0.9801023006439209,-0.1348358690738678,0.0028900615870952606,-0.0199752114713192
6.16,-0.004477024078369141,-0.05304892361164093,0.020175695419311523,0.17603878160376066,0.08751289651447232,-1.210706141440623,0.08605046570301056,-0.1751309633255005,-0.9807775020599365,-0.24161575734615326,0.024519367143511772,-0.026920493692159653
6.18,0.005523502826690674,-0.020371541380882263,0.010971426963806152,0.17076476716561736,0.08779880789564055,-1.2106637189660059,0.08641066402196884,-0.16993604600429535,-0.9816592931747437,-0.2630452513694763,5.059177055954933e-06,-0.011142026633024216
6.20,0.010529272258281708,0.0030485689640045166,0.003163933753967285,0.1663513254082106,0.08762308564839517,-1.2103669931921237,0.08630295842885971,-0.16558514535427094,-0.9824120402336121,-0.2237004190683365,-0.0046460628509521484,-0.010994545184075832
6.22,-0.0021746084094047546,0.02475695312023163,-0.0015774369239807129,0.1654181157228977,0.08811504383499036,-1.2103595546847303,0.08679981529712677,-0.16466476023197174,-0.9825229048728943,-0.16022124886512756,0.011777828447520733,-0.011098538525402546
6.24,-0.0020463094115257263,0.0334649533033371,-0.008168220520019531,0.16553704937196045,0.0884055381167323,-1.21042474283941,0.08708349615335464,-0.1647820621728897,-0.982478141784668,-0.08821894228458405,0.02086249366402626,-0.022107301279902458
6.26,0.0029214099049568176,0.023623153567314148,0.0005747675895690918,0.16490292009050134,0.08889988057940312,-1.2106875529235992,0.0875784233212471,-0.16415657103061676,-0.9825388789176941,-0.09331256151199341,0.019677119329571724,-0.01831558719277382
6.28,0.002216547727584839,-0.005359873175621033,0.0076544880867004395,0.16222075378686224,0.08968618106739162,-1.2108324638257433,0.08839008957147598,-0.16151019930839539,-0.9829046726226807,-0.21031610667705536,0.02622574381530285,-0.017848586663603783
6.30,0.008505791425704956,-0.045202434062957764,0.02206653356552124,0.15622261393084153,0.08978305954300882,-1.2103863109101953,0.08857057988643646,-0.15558794140815735,-0.9838433265686035,-0.34379997849464417,-0.009697369299829006,0.02161342464387417
